{"stats":{"minecraft:picked_up":{"minecraft:feather":2,"minecraft:coarse_dirt":1,"minecraft:rotten_flesh":2,"minecraft:iron_ingot":3,"minecraft:iron_nugget":1,"minecraft:poppy":2,"minecraft:dirt":2},"minecraft:custom":{"minecraft:open_chest":1,"minecraft:time_since_rest":12954,"minecraft:crouch_one_cm":92,"minecraft:play_time":14735,"minecraft:sprint_one_cm":2094,"minecraft:walk_one_cm":15713,"minecraft:damage_taken":390,"minecraft:deaths":1,"minecraft:sneak_time":118,"minecraft:mob_kills":9,"minecraft:jump":27,"minecraft:damage_dealt":187,"minecraft:leave_game":2,"minecraft:time_since_death":14156,"minecraft:total_world_time":14735,"minecraft:fall_one_cm":267,"minecraft:fly_one_cm":7545},"minecraft:mined":{"minecraft:grass_block":2,"minecraft:coarse_dirt":1,"minecraft:tall_grass":1},"minecraft:killed_by":{"minecraft:zombie":1},"minecraft:killed":{"minecraft:iron_golem":2,"minecraft:chicken":2,"minecraft:cow":4},"minecraft:used":{"create:chute":2,"cataclysm:infernal_forge":1,"laendli_transport:item_airship":1,"cataclysm:coral_spear":3,"laendli_transport:hosegun_tank_chestplate":1,"laendli_transport:item_plugturret":1}},"DataVersion":3465}