{"stats":{"minecraft:dropped":{"minecraft:netherite_sword":1,"railways:track_acacia":1,"railways:conductor_whistle":1},"minecraft:picked_up":{"minecraft:coarse_dirt":1,"minecraft:feather":2,"minecraft:porkchop":13,"minecraft:dirt":38,"minecraft:raw_copper":20,"minecraft:rotten_flesh":2,"minecraft:wheat_seeds":2,"minecraft:netherite_sword":1,"minecraft:iron_ingot":3,"upgrade_aquatic:pink_searocket":1,"minecraft:iron_nugget":1,"minecraft:poppy":2,"minecraft:cobblestone":32},"minecraft:used":{"create:chute":2,"minecraft:netherite_sword":12,"cataclysm:infernal_forge":1,"minecraft:diamond_pickaxe":25,"iceandfire:spawn_egg_ice_dragon":21,"minecraft:pig_spawn_egg":11,"vs_eureka:oak_ship_helm":1,"netherdungeons:reinforced_gold_pickaxe":11,"vs_eureka:floater":9,"laendli_transport:item_plugturret":1,"vs_eureka:ballast":4,"minecraft:dirt":22,"railways:track_phantom":51,"railways:track_acacia":43,"vs_eureka:engine":3,"vs_clockwork:command_seat":1,"laendli_transport:item_airship":2,"cataclysm:coral_spear":3,"laendli_transport:hosegun_tank_chestplate":1,"iceandfire:spawn_egg_fire_dragon":12},"minecraft:killed_by":{"minecraft:zombie":1},"minecraft:custom":{"minecraft:time_since_rest":32375,"minecraft:sprint_one_cm":13953,"minecraft:damage_taken":410,"minecraft:walk_one_cm":59707,"minecraft:mob_kills":16,"minecraft:drop":3,"minecraft:damage_dealt":941,"minecraft:swim_one_cm":651,"minecraft:fly_one_cm":88689,"minecraft:open_barrel":2,"minecraft:open_chest":1,"minecraft:crouch_one_cm":2021,"minecraft:play_time":34156,"minecraft:deaths":1,"minecraft:sneak_time":1000,"minecraft:walk_under_water_one_cm":4830,"minecraft:jump":126,"minecraft:leave_game":6,"minecraft:walk_on_water_one_cm":1420,"minecraft:time_since_death":33577,"minecraft:climb_one_cm":177,"minecraft:total_world_time":34156,"minecraft:fall_one_cm":1833},"minecraft:mined":{"create:zinc_ore":1,"minecraft:coarse_dirt":1,"vs_eureka:oak_ship_helm":1,"minecraft:grass":2,"minecraft:grass_block":41,"minecraft:coal_ore":8,"minecraft:gravel":2,"minecraft:sand":2,"minecraft:dirt":74,"minecraft:copper_ore":5,"minecraft:tall_grass":5,"minecraft:stone":113,"vs_clockwork:command_seat":1,"vs_eureka:engine":3,"minecraft:sandstone":1,"vs_eureka:floater":7},"minecraft:killed":{"minecraft:pig":14,"minecraft:chicken":2,"minecraft:iron_golem":2,"minecraft:cow":4}},"DataVersion":3465}