{
  "create:root": {
    "criteria": {
      "0": "2024-06-08 00:12:06 +0000"
    },
    "done": true
  },
  "minecraft:recipes/decorations/crafting_table": {
    "criteria": {
      "unlock_right_away": "2024-06-08 00:11:33 +0000"
    },
    "done": true
  },
  "iceandfire:iceandfire/root": {
    "criteria": {
      "tick": "2024-06-08 00:11:33 +0000"
    },
    "done": true
  },
  "vs_eureka:recipes/balloon_color": {
    "criteria": {
      "has_red_balloon": "2024-06-08 00:12:06 +0000",
      "has_black_balloon": "2024-06-08 00:12:06 +0000",
      "has_lime_balloon": "2024-06-08 00:12:06 +0000",
      "has_cyan_balloon": "2024-06-08 00:12:06 +0000",
      "has_light_blue_balloon": "2024-06-08 00:12:06 +0000",
      "has_gray_balloon": "2024-06-08 00:12:06 +0000",
      "has_pink_balloon": "2024-06-08 00:12:06 +0000",
      "has_light_gray_balloon": "2024-06-08 00:12:06 +0000",
      "has_white_balloon": "2024-06-08 00:12:06 +0000",
      "has_blue_balloon": "2024-06-08 00:12:06 +0000",
      "has_yellow_balloon": "2024-06-08 00:12:06 +0000",
      "has_purple_balloon": "2024-06-08 00:12:06 +0000",
      "has_orange_balloon": "2024-06-08 00:12:06 +0000",
      "has_brown_balloon": "2024-06-08 00:12:06 +0000",
      "has_green_balloon": "2024-06-08 00:12:06 +0000",
      "has_magenta_balloon": "2024-06-08 00:12:06 +0000"
    },
    "done": true
  },
  "vs_eureka:recipes/balloon_leather": {
    "criteria": {
      "has_leather": "2024-06-08 00:12:06 +0000"
    },
    "done": true
  },
  "vs_eureka:recipes/ship_helm": {
    "criteria": {
      "has_gold": "2024-06-08 00:12:06 +0000"
    },
    "done": true
  },
  "minecraft:adventure/adventuring_time": {
    "criteria": {
      "minecraft:forest": "2024-06-08 00:11:35 +0000"
    },
    "done": false
  },
  "vs_eureka:recipes/balloon_paper": {
    "criteria": {
      "has_paper": "2024-06-08 00:12:06 +0000"
    },
    "done": true
  },
  "vs_eureka:recipes/balloon_membrane": {
    "criteria": {
      "has_membrane": "2024-06-08 00:12:06 +0000"
    },
    "done": true
  },
  "DataVersion": 3465
}